"Column1","annotation_id","annotator","created_at","id","lead_time","sentiment","uni","updated_at","x"
1,336,"5","2023-07-31T18:26:03.428807Z",335,11.272,"Negative","RT @RWittenbrink: …wirksame Behandlungen darstellen, einschließlich solcher, die sich auf die Verringerung der Gerinnungslast und die Hyper…","2023-07-31T18:26:03.428851Z",1
2,337,"5","2023-07-31T18:26:29.839799Z",336,36.613,"Positive","RT @julimaelle: Guten Morgen Euch allen.

Ich hab eine große Bitte.
Es gibt kein Video, dass die Situation &amp; Umgang von &amp; mit #MECFS|lern b…","2023-07-31T18:28:40.615412Z",2
3,338,"5","2023-07-31T18:26:35.935058Z",337,4.455,"Negative","RT @FlorianBayer: Ist ein bisschen untergegangen: Die neue @ECDC_EU Prognose rechnet mit Inzidenz &gt;200 in gut 2 Wochen in Ö. Das  sind mehr…","2023-07-31T18:26:35.935113Z",3
4,339,"5","2023-07-31T18:27:10.866707Z",338,33.573,"Negative","RT @Lebenszeit_: HPV auf allen Kanälen, davor war's die Gürtelrose.
Wieso nicht #LongCovid? Könnte man evtl. vielleicht möglicherweise bitt…","2023-07-31T18:27:10.866760Z",4
5,340,"5","2023-07-31T18:27:41.872720Z",339,25.398,"Negative","RT @markumei: #Maskenpflicht-Ende bei Hochinzidenz eines gehirnfressenden Immunschwächevirus ist #Körperverletzung! #LongCovid

Wer ""Normal…","2023-07-31T18:27:41.872777Z",5
6,341,"5","2023-07-31T18:27:48.706585Z",340,5.27,"Negative","RT @TobiasEisenhut: Hier noch die Antwort auf meine eigene Frage: Qualizirkel der Münchner Kinderärzte gerade jetzt: alle Praxen sehen jetz…","2023-07-31T18:27:48.706626Z",6
7,342,"5","2023-07-31T18:27:56.627556Z",341,6.523,"Negative","RT @GEGENCovidioten: @Robert83563198 Und bei Rückkehr zum #Präsenzunterricht / #Regelbetrieb vielleicht bald auch ohne Eltern, Geschwister…","2023-07-31T18:27:56.627601Z",7
8,343,"5","2023-07-31T18:29:10.307269Z",342,3.695,"Positive","RT @neurostingl: @DRV_Bund_Reha @YouTube Als jemand, der sich viel mit #MECFS und jetzt auch #LongCovid beschäftigt, würde ich mal meinen,…","2023-07-31T18:29:10.307324Z",8
9,344,"5","2023-07-31T18:29:16.644549Z",343,4.308,"Negative","RT @LongDeutschland: Am 4. Nov. 2021 tagt der Ausschuss für Soziales, Gesundheit und Gleichstellung im Niedersächsischen Landtag (@LT_Nds)…","2023-07-31T18:29:16.644586Z",9
10,345,"5","2023-07-31T18:29:23.538058Z",344,5.101,"Negative","RT @RadineUlla: #NieWiederUnsichtbar 

Genau heute vor einem halben Jahr habe ich meine #LongCovid Reha abgebrochen.

Ich bin dort 6 Tage z…","2023-07-31T18:29:23.538111Z",10
11,346,"5","2023-07-31T18:29:35.775031Z",345,10.837,"Negative","RT @RafaelOsswald: Schlechte Nachrichten bez. #NeuroCovid #LongCovid 

Hirnstamm-Autopsie bei 2 COVID-Patienten im Vergleich zu Kontrollen…","2023-07-31T18:29:35.775079Z",11
12,347,"5","2023-07-31T18:29:49.755521Z",346,4.729,"Positive","RT @DVSN_42: @FarazFallahi Diese Video berührt mich über alle Maßen. #LongCovid, sowie #MECFS sind kaum zu ertragen, ABER Kinder sollten di…","2023-07-31T18:29:49.755566Z",12
13,348,"5","2023-07-31T18:30:03.119494Z",347,8.67,"Negative","RT @Kunkeline: Gestern sagte Stiko-Chef Mertens, #LongCovid bei Kindern gäbe es eigentlich nicht. Ich habe mit dem Leiter der ersten Long-C…","2023-07-31T18:30:03.119551Z",13
14,349,"5","2023-07-31T18:30:11.039171Z",348,4.087,"Negative","RT @Karl_Lauterbach: Eine klare Mahnung einer Kinderärztin in Houston, die viele Kinder mit Covid behandelt. Wir haben bisher keine Erfahru…","2023-07-31T18:30:11.039223Z",14
15,350,"5","2023-07-31T18:30:21.362337Z",349,8.058,"Negative","Fast 2 Jahre #LongCovid betroffen und immer noch nicht ganz gesund. Es gibt keine Versorgung und die Politik schaut weg. #Karl_Lauterbach Handeln sie! #Notrecovered","2023-07-31T18:30:21.362379Z",15
16,351,"5","2023-07-31T18:30:28.601184Z",350,4.49,"Negative","RT @RWittenbrink: Die Links zu Bericht und Studie:

https://t.co/fE6WHJaH82

https://t.co/kDtcOyRljx

#COVID19 #Corona #SARSCoV2 #COVID #CO…","2023-07-31T18:30:28.601234Z",16
17,352,"5","2023-07-31T18:30:38.360500Z",351,8.431,"Positive","RT @quervain_de: COVID-19 führt auch nach mildem Verlauf häufig (10% plus) zu anhaltenden neurologischen Störungen wie Gedächtnisproblemen,…","2023-07-31T18:30:38.360543Z",17
18,353,"5","2023-07-31T18:30:48.240168Z",352,6.534,"Negative","RT @DrLeibl: Diese #LongCovid-Studien passen natürlich nicht ins Konzept von Politikern, die viel lieber schon heute als morgen alle Massna…","2023-07-31T18:30:48.240207Z",18
19,354,"5","2023-07-31T18:30:55.721437Z",353,5.008,"Negative","RT @ChantalBritt: Wenn ich nicht mehr in die #LongCovid-Sprechstunde gehe, dann nicht weil ich gesund bin, sondern weil ich das Vertrauen v…","2023-07-31T18:30:55.721691Z",19
20,355,"5","2023-07-31T18:31:06.910895Z",354,9.802,"Negative","RT @Karl_Lauterbach: Gutes aktuelles Paper aus @bmj_latest zum Thema #LongCovid. Weil im Körper in vielen Organen der ACE2 Receptor genutzt…","2023-07-31T18:31:06.910937Z",20
21,356,"5","2023-07-31T18:31:26.452611Z",355,17.834,"Negative","Mehr Inkompetenz geht gar nicht. #IhreAbwehrkräfte Es wird nur eine neue Normalität geben , alles Andere zeigt nur, dass jemand nicht verstanden hat, welch hatte Belastung #Covid19 für viel Menschen bedeutet hat.  Gerade auch Alle, die sich mühsam durch #LongCovid durchkämpfe https://t.co/WCwTeOJYEV","2023-07-31T18:31:26.452652Z",21
22,357,"5","2023-07-31T18:31:36.776854Z",356,9.087,"Negative","#COVID19 und vor allem #LongCovid sind eine massive Bedrohung für die Weltwirtschaft. Und die Kosten der #Durchseuchung sind dabei noch gar nicht eingerechnet, weil #Kinder u #Jugendliche den Arbeitsmarkt noch gar nicht erreicht haben. Früher galt @fdp mal als #Wirtschaftspartei. https://t.co/JKqWcEtp90","2023-07-31T18:31:36.776900Z",22
23,358,"5","2023-07-31T18:31:42.952828Z",357,4.796,"Negative","RT @aSchaFu: Und das vernachlässigt all die anderen Punkte, an die man denken sollte: 
z.B. Krankenhausbelastung, 
vulnerable Gruppen,
ande…","2023-07-31T18:31:42.952883Z",23
24,359,"5","2023-07-31T18:31:49.121699Z",358,4.185,"Negative","RT @epsilon3141: Hat eigentlich irgend jemand mal zu Ende gedacht, welches langfristige kumulative Gesundheitsrisiko wir als Gesellschaft e…","2023-07-31T18:31:49.121756Z",24
25,360,"5","2023-07-31T18:31:56.338520Z",359,5.815,"Negative","RT @tomdabassman: Schräge Maskendeals von korrupten Abgeordneten, Saisonalitätsleugnung vom Staatsvirologen, dilettantische RKI-Daten, Verb…","2023-07-31T18:31:56.338571Z",25
26,361,"5","2023-07-31T18:32:02.846982Z",360,4.411,"Negative","RT @neurostingl: Die heutige Diskussion bei #arsboni zum Nachhören. Ich bin dann auch oft überrascht, wie pessimistisch ich klinge, aber wi…","2023-07-31T18:32:02.847035Z",26
27,362,"5","2023-07-31T18:32:11.156107Z",361,6.874,"Negative","RT @cote_langues: Meldung der Tagesschau: Kritik an Schulimpfungen: Kinderärzt*innen bemängeln Gruppenzwang unter Jugendlichen - Liebe Kind…","2023-07-31T18:32:11.156164Z",27
28,363,"5","2023-07-31T18:32:16.421008Z",362,4.108,"Negative","RT @quervain_de: Der Impfschutz (Pfizer) vor Delta Infektionen (ohne Hospitalisierung) beträgt 4 Monate nach der zweiten Impfung nur noch 5…","2023-07-31T18:32:16.421063Z",28
29,364,"5","2023-07-31T18:32:26.083898Z",363,8.158,"Negative","RT @BildgSicherRLP: .@Soziales_RLP Gibt es in #RLP eine systematische Erfassung von #LongCovid Patienten im Kinder- und Jugendalter? Ist di…","2023-07-31T18:32:26.083985Z",29
30,365,"5","2023-07-31T18:32:38.968507Z",364,11.684,"Positive","RT @OStriebling: Herr @Karl_Lauterbach, haben Sie #MECFSimBundestag überhaupt wahrgenommen?

Ich empfinde es höchst verstörend, wenn Sie #L…","2023-07-31T18:32:38.968548Z",30
31,366,"5","2023-07-31T18:32:44.023232Z",365,3.778,"Negative","RT @neurostingl: Und wir erarbeiten uns jetzt über den Winter noch ein paar tausend #LongCovid-Betroffene mehr. Irgendwann wird es auch ""de…","2023-07-31T18:32:44.023285Z",31
32,367,"5","2023-07-31T18:32:49.992652Z",366,3.737,"Negative","RT @wojla: Bitte lassen Sie sich Impfen
#COVID19 #vaccination #vaccinate #impfen #impffluencer #neurocovid #longcovid https://t.co/jOVeWojD…","2023-07-31T18:32:49.992694Z",32
33,368,"5","2023-07-31T18:32:59.574674Z",367,8.161,"Negative","RT @JJSeven13: „unsere Gesellschaft [begreift] chronisch kranke Menschen nicht wirklich als gleichwertige Mitbürger:innen […], sondern als…","2023-07-31T18:32:59.574728Z",33
34,369,"5","2023-07-31T18:33:09.489455Z",368,8.54,"Negative","Herdenimmunität wäre schrecklich. Erst recht in Ländern wie Deutschland, wo bis 40% der Bevölkerung qua Alter oder Krankheit Risikopersonen sind. Der Ansatz wäre unethischer Darwinismus. Neben den Toten gäbe es ein Volk voller #LongCovid Dauergeschädigter https://t.co/FLgQNFlNT4","2023-07-31T18:33:09.489510Z",34
37,370,"5","2023-07-31T18:33:27.462947Z",369,15.472,"Positive","RT @KFL3011: Mein 2. Onkel hat nun schwer #LongCovid . Er kann keine 3 m mehr am Stück laufen, sitzt nun im Rollstuhl - Prognose unklar. 3f…","2023-07-31T18:33:27.462991Z",37
38,371,"5","2023-07-31T18:33:46.262185Z",370,6.889,"Negative","RT @RSandra266: „…in der Schule gehe ich an Schülern vorbei, die weinend mit ihren Eltern telefonieren - Mama, ich glaub ich sterbe, mein H…","2023-07-31T18:33:46.262247Z",38
39,372,"5","2023-07-31T18:34:29.873505Z",371,36.213,"Negative","RT @Karl_Lauterbach: Es ist höchste Zeit dass #LongCovid für Kinder Thema in Deutschland wird. Wir stehen vielleicht vor Durchseuchung eine…","2023-07-31T18:34:29.873560Z",39
40,373,"5","2023-07-31T18:34:37.273667Z",372,5.234,"Negative","RT @MarcBrup: Dass es keine Gesundheitswarnung vor #LongCovid gibt und die meisten denken, sie seien durch die Impfung geschützt und keinen…","2023-07-31T18:34:37.273726Z",40
43,374,"5","2023-07-31T18:34:43.619729Z",373,5.046,"Negative","RT @RWittenbrink: Wiederholte #COVID19-Infektionen erhöhen das Risiko von Organversagen und Tod 
Forscher empfehlen Masken, Impfstoffe und…","2023-07-31T18:34:43.619778Z",43
46,375,"5","2023-07-31T18:34:51.027334Z",374,6.085,"Negative","RT @die_vom: Prof. Wiehler äußert sich heute erneut deutlich u eindringlich zum Thema Kinder. Sie erkranken an #LongCovid u wir sollten mit…","2023-07-31T18:34:51.027390Z",46
47,376,"5","2023-07-31T18:35:09.687461Z",375,16.848,"Negative","RT @TFruehmark: Das RKI hat für gestern 5059 !! #Neuinfektionen bei Kindern U15 gemeldet. Sollen jetzt jeden Tag mehr als 5000 Kinder infiz…","2023-07-31T18:35:09.687519Z",47
48,377,"5","2023-07-31T18:35:18.589624Z",376,7.423,"Positive","RT @patatatspeciaal: Liebe übrigens alles daran, dass viele der bekanntesten #MEcfs und #LongCOVID Vorkämpferinnen eben keine alten weißen…","2023-07-31T18:35:18.589664Z",48
49,378,"5","2023-07-31T18:35:30.505561Z",377,10.666,"Positive","„Einer der wirklich guten Tests für #LongCovid ist die endotheliale Dysfunktion mit flussvermittelter Dilatation oder EndoPAT. Die normale Dilatation liegt bei 30%, bei LC-Patienten ist sie 7%"", erklärt Dr Jaco Laubscher. @gezmedinger @doctorasadkhan #DiagnoseLongCovid https://t.co/Vxri3xBLxc","2023-07-31T18:35:30.505615Z",49
50,379,"5","2023-07-31T18:37:53.451568Z",378,111.627,"Negative","suchen nach Mechanismen, um die Beobachtungen (#LongCovid, #Reaktivierung von #SarsCov2) zu erklären.
Diese gehören nun Mal zu den Fakten.

Von daher ist diese Studie ernst zu nehmen und wird dennoch hoffentlich entweder widerlegt werden (fachliche Fehler) oder","2023-07-31T18:37:53.451628Z",50
51,380,"5","2023-07-31T18:38:34.560951Z",379,4.029,"Negative","RT @Karl_Lauterbach: Sehr guter Artikel zu #LongCovid. Das Thema ist in Deutschland noch immer ein Tabu Thema. Auch deshalb, weil viele Pol…","2023-07-31T18:38:34.560993Z",51
52,381,"5","2023-07-31T18:38:42.165249Z",380,6.407,"Positive","RT @LangzeitC: Das Leben mit schwerem #LongCovid / #MECFS ist ein Verwalten von Zeit. Durch Schmerzen zu atmen, sich von allem zu isolieren…","2023-07-31T18:38:42.165300Z",52
53,382,"5","2023-07-31T18:38:47.190667Z",381,3.697,"Negative","RT @Robert83563198: Ich habe die Sorge, dass das Verharmlosen von #LongCovid nicht nur auf mangelnder Sachkenntnis beruht, sondern aktiv be…","2023-07-31T18:38:47.190725Z",53
54,383,"5","2023-07-31T18:38:53.003412Z",382,4.645,"Negative","RT @TFruehmark: Räumt eure Hintern aus dem Landtag und den Ministerien und lasst die Schüler darein. Besorgt euch Decken für den Winter. Nu…","2023-07-31T18:38:53.003465Z",54
55,384,"5","2023-07-31T18:38:59.869493Z",383,5.026,"Positive","RT @FeliciaBinger: Hört auf wegzuschauen. Alle die ihr euch für Long Covid und MECFS stark macht - danke. Bitte schaut bei uns, bei Post Va…","2023-07-31T18:38:59.869541Z",55
56,385,"5","2023-07-31T18:41:41.015018Z",384,159.144,"Negative","RT @TFruehmark: Da wird gefeiert, dass die Zahlen runter gehen. Ja, ist gut. Trotzdem waren es immer noch 45.000 #Neuinfektionen gestern. V…","2023-07-31T18:41:41.015060Z",56
57,386,"5","2023-07-31T18:42:15.286218Z",385,32.116,"Negative","RT @MrsMertes: Bereits seit Anfang 2021 (!) häuften sich Berichte über Zyklusstörungen nach Impfung. JETZT, eineinhalb Jahre später wird di…","2023-07-31T18:42:15.286271Z",57
58,387,"5","2023-07-31T18:42:26.950712Z",386,7.803,"Negative","RT @Olligarchin: Meine Hausärztin hat mir im Vertrauen gesagt, dass alle Lehrer, die wegen Corona oder #LongCovid krank geschrieben sind, i…","2023-07-31T18:42:26.950753Z",58
59,388,"5","2023-07-31T18:42:33.339651Z",387,5.169,"Negative","RT @Jan_Holler_: #LongCovid #Booster 
Heute morgen mit K2, 14J zur 4. Impfung. Wartezeit 45Min.
Sie: ""Die 4. Impfung gibt es erst ab 16, is…","2023-07-31T18:42:33.339709Z",59
62,389,"5","2023-07-31T18:42:43.038573Z",388,7.357,"Negative","RT @RWittenbrink: Für die vergangene Woche hat das RKI 1.223 #COVID19-Todesfälle in Deutschland gemeldet. 

#Coronavirus #SARSCoV2 #CovidIs…","2023-07-31T18:42:43.038618Z",62
63,390,"5","2023-07-31T18:42:51.634528Z",389,7.179,"Negative","Liebe @ZDFfrontal Redaktion, ich schaue gerade Ihren Bericht zu Corona Impfung für Kinder. Sie übernehmen völlig unkritisch den Kommentar der StiKo. Von #LongCovid bei Kindern kein Wort. Ist das wirklich ihr Ernst? Eine umfassende Berichterstattung sieht anders aus.","2023-07-31T18:42:51.634568Z",63
64,391,"5","2023-07-31T18:43:07.669213Z",390,14.856,"Negative","RT @tomdabassman: Wenn die Selbstdiagnose #LongCovid von Infizierten genauso häufig gestellt wird wie von Nicht-Infizierten, dann kann das…","2023-07-31T18:43:07.669256Z",64
65,392,"5","2023-07-31T18:43:19.408331Z",391,9.751,"Negative","RT @zweinebelkerzen: Da jetzt konsequent auch ÄrztInnen, ForscherInnen u PolitikerInnen durchseucht werden und sehr viele #LongCovid bzw #M…","2023-07-31T18:43:19.408386Z",65
66,393,"5","2023-07-31T18:43:25.663035Z",392,4.9,"Negative","RT @AnneHerzlieb: Warum Reinfektionen mit #Corona nicht “immun” machen sondern krank #LongCovid 

https://t.co/rYdKVwtGyw","2023-07-31T18:43:25.663076Z",66
67,394,"5","2023-07-31T18:43:38.603013Z",393,11.605,"Negative","@Bundeskanzler @spdbt @GrueneBundestag schaden Familien. Wählt keine Parteien, die euch mit Gesetzen zum Krankwerden zwingen! #Scholz #LongCovid #LongCovidKids #Familien https://t.co/Ord4rbexbV","2023-07-31T18:43:38.603048Z",67
68,395,"5","2023-07-31T18:43:44.703095Z",394,4.177,"Negative","RT @WDRaktuell: Der Leidensdruck ist enorm, sagen Ärzte. Oft seien es junge Menschen, die unter #LongCovid leiden. Um ihre Symptome wie Ers…","2023-07-31T18:43:44.703153Z",68
69,396,"5","2023-07-31T18:43:52.919301Z",395,6.811,"Negative","@OlafScholz @W_Schmidt_ @Karl_Lauterbach 
""Schaden vom Volk abzuwenden""

Zum Volk gehören übrigens auch die Kinder! 
Es gibt schon etliche Kinder mit #LongCovidKids . Schlimm ist es f KuJ aber auch, wenn IHRE ELTERN an #LongCovid erkranken.
Ja, es wird Zeit Wissenschaft zu folgen","2023-07-31T18:43:52.919356Z",69
70,397,"5","2023-07-31T18:45:07.975377Z",396,73.795,"Negative","RT @UKGM_Presse: #Coronavirus 
„Long Covid wird ein Problem bleiben“ - @ProfSchieffer im @AOK_Politik Magazin

https://t.co/DhVQ9EthCz

#UK…","2023-07-31T18:45:07.975421Z",70
73,398,"5","2023-07-31T18:45:19.057336Z",397,9.747,"Negative","@vern_5_tig @Ricarda_Lang @janoschdahmen ich kenn einige die zwar zwei Mal positiv waren, aber nicht einen der beim zweiten Mal überhaupt krank wurde. Da kann mir keiner was von #LongCovid etc erzählen. Bei erster Exposition und etwaig mittelschwerem Verlauf, okay, aber wie gesagt - 95% hatten bereits 3 Expositionen https://t.co/u9mZkoIy7C","2023-07-31T18:45:19.057383Z",73
74,399,"5","2023-07-31T18:45:24.441926Z",398,4.125,"Positive","RT @RadineUlla: #Pacing ist das wichtigste Mittel für #MECFS und #LongCovid. Es hilft meist nicht um sich zu Verbessern, sondern um Verschl…","2023-07-31T18:45:24.441967Z",74
75,400,"5","2023-07-31T18:45:30.725064Z",399,4.127,"Negative","RT @NicSchall: Entscheidung, die wir für unsere Kinder treffen müssen ist nicht #impfung oder keine Impfung, sondern Immunität durch Impfun…","2023-07-31T18:45:30.725107Z",75
76,401,"5","2023-07-31T18:45:35.854174Z",400,3.905,"Positive","RT @eskabadu: „Milde Verläufe nutzen nichts gegen #LongCovid“ – genauso wenig gegen #MECFS

Eine Freundin sagte mir kürzlich, sie hätte nic…","2023-07-31T18:45:35.854221Z",76
77,402,"5","2023-07-31T18:45:42.529981Z",401,4.994,"Negative","RT @RWittenbrink: „Eine Perspektive für diejenigen, die es immer noch nicht kapiert haben: Wenn ich gezwungen wäre, mich entweder mit HIV o…","2023-07-31T18:45:42.530024Z",77
78,403,"5","2023-07-31T18:45:52.068846Z",402,7.646,"Negative","@BILD Sehr gefährlich, #Querdenker leiden offenbar an #LongCovid , welches bei extremer #dummheit zu #Aggressionen führt!?","2023-07-31T18:45:52.068887Z",78
79,404,"5","2023-07-31T18:45:58.083530Z",403,4.747,"Negative","RT @LongDeutschland: Online-Studie: Gesundheitliche und wirtschaftliche Folgen von #LongCovid

@RWI_Leibniz &amp; LCD rufen zur Teilnahme an On…","2023-07-31T18:45:58.083571Z",79
80,405,"5","2023-07-31T18:46:05.181315Z",404,5.762,"Negative","RT @MarcBrup: Ich habe viele Kontakte zu Long-Covid-Beroffenen und deren Gruppen und zu Hausärzten an der Front. Ich versichere euch: #Long…","2023-07-31T18:46:05.181372Z",80
81,406,"5","2023-07-31T18:46:11.950586Z",405,4.713,"Positive","RT @julimaelle: Eben zufällig (!) drauf gestoßen :

ARD macht Werbung für die Doku von Eckart von #Hirschhausen über #LongCovid und #MECFS.…","2023-07-31T18:46:11.950644Z",81
82,407,"5","2023-07-31T18:46:28.428339Z",406,15.221,"Negative","RT @markumei: @risklayer @MeinhardtThomas Was sagt @c_drosten dazu? @ViolaPriesemann 

Wir brauchen SOFORT Offensive für #ZeroCovid #ZeroCo…","2023-07-31T18:46:28.428381Z",82
83,408,"5","2023-07-31T18:46:38.096614Z",407,8.394,"Negative","RT @MarcBrup: Es sind weder nur 2-5% nach 4 Wochen mit Symptomen noch nur 1% mit #LongCovid, wie kürzlich Infektiologe Urs Karrer kolportie…","2023-07-31T18:46:38.096655Z",83
84,409,"5","2023-07-31T18:46:47.198610Z",408,7.794,"Positive","RT @claudia_ellert: Ich glaube, es lohnt sich die Problematik der Anerkennung von #longcovid und #mecfs noch einmal aufzunehmen. Weil sie i…","2023-07-31T18:46:47.198666Z",84
85,410,"5","2023-07-31T18:46:55.053976Z",409,6.489,"Negative","RT @tguldener: Klärt die Fälle bitte sauber ab, ob enentuell auch eine Erkrankung vor dem Booster erfolgt ist. Dann kann es auch eine ganz…","2023-07-31T18:46:55.054018Z",85
86,411,"5","2023-07-31T18:47:09.397216Z",410,12.569,"Negative","RT @quervain_de: Grosse Studie (Preprint) über #LongCovid, mit gematchter Kontrollgruppe. 
Long-Covid Symptome, inklusive psychische Proble…","2023-07-31T18:47:09.397276Z",86
87,412,"5","2023-07-31T18:47:15.250067Z",411,4.425,"Negative","RT @KarenHa63300724: https://t.co/gPBMNexUIt
Info aus dem BMG Prof. DR. Lauterbach äußert sich zu #LongCovid. Anschauen. Er selbst sagt bes…","2023-07-31T18:47:15.250112Z",87
88,413,"5","2023-07-31T18:47:24.094912Z",412,4.76,"Negative","RT @Pe_wg1: @Johann_v_d_Bron In NRW will die #CDU sich abschaffen. Möglichst viele Wähler umbringen oder in #LongCovid stürzen. Mal eine ga…","2023-07-31T18:47:24.094959Z",88
91,414,"5","2023-07-31T18:47:37.301090Z",413,4.616,"Negative","RT @Na_So_Nicht: Hier die Dokumentation in der Mediathek.

#Corona #LongCovid #LongCovidKids #Systemerkrankung #CovidIsNotOver
https://t.co…","2023-07-31T18:47:37.301145Z",91
92,415,"5","2023-07-31T18:47:44.745961Z",414,5.57,"Negative","RT @rehamachtsbess: Auch bei sinkenden Inzidenzen ist das Gesundheitssystem noch nicht entlastet. Während Intensivstationen aufatmen, wird…","2023-07-31T18:47:44.746009Z",92
93,416,"5","2023-07-31T18:47:50.617050Z",415,4.591,"Negative","RT @RWittenbrink: In dieser Querschnittsstudie mit mehr als 16 000 Personen berichteten 15 % der US-Erwachsenen mit einem früheren positive…","2023-07-31T18:47:50.617093Z",93
94,417,"5","2023-07-31T18:47:56.007134Z",416,4.216,"Positive","RT @KinderdocNina: 8/ warum sie ausschließlich F-Diagnosen erwähnt hatte, wo doch #LongCovid Patienten, genau wie #MECFS Patienten eine seh…","2023-07-31T18:47:56.007195Z",94
95,418,"5","2023-07-31T18:48:02.629698Z",417,4.442,"Negative","RT @BrinkmannLab: Heute wurde die 9. Stellungnahme des #COVID19  #ExpertInnenrates der #Bundesregierung veröffentlicht. Thema: ""Erforschung…","2023-07-31T18:48:02.629750Z",95
96,419,"5","2023-07-31T18:48:07.738299Z",418,3.924,"Negative","@DohringMartin @Oliver_Krischer @Karl_Lauterbach @ArminLaschet nur wenn man die medizinischen und gesellschaftlichen Kosten von #LongCovid außer Acht lässt.","2023-07-31T18:48:07.738342Z",96
97,420,"5","2023-07-31T18:48:13.953667Z",419,3.834,"Negative","RT @WeingartenDE: Arbeitgebern ist heute die neue #Corona-#Schutzverordnung zugegangen. Dem Bundesministerium von BM #Heil gelingt damit et…","2023-07-31T18:48:13.953711Z",97
98,421,"5","2023-07-31T18:48:20.483226Z",420,5.068,"Negative","RT @patatatspeciaal: Für Journas hätte #Stokowski|s Auftritt Anlass sein können zu recherchieren warum wir noch immer keine beschissenen Me…","2023-07-31T18:48:20.483265Z",98
99,422,"5","2023-07-31T18:48:33.235392Z",421,11.492,"Negative","RT @MarcBrup: - #LongCovid gibt es nicht
- Ok, LC gibt es, aber postvirale Beschwerden sind nicht neu
- Ok, LC ist häufig, aber Studien übe…","2023-07-31T18:48:33.235450Z",99
100,423,"5","2023-07-31T18:48:40.897868Z",422,4.393,"Positive","Zur Erinnerung an den Koalitonsvertrag. Bezüglich #LongCovid und #MECFS steht darin: https://t.co/DzDT8LAuVM","2023-07-31T18:48:40.897910Z",100
103,334,"4","2023-07-30T12:15:21.517488Z",423,4.545,"Negative","RT @BildungSicher: Genau das!
Wir haben uns heute erneut mit einer Selbsthilfegruppe von Eltern getroffen deren Kinder unter #LongCovid, #M…","2023-07-30T12:15:24.492394Z",103
108,335,"4","2023-07-30T12:15:59.653389Z",424,27.376,"Positive","RT @MedTrib_medizin: Das Spektrum von #LongCOVID bei Kindern reicht von leichter Beeinträchtigung der Leistungsfähigkeit bis zur Bettlägeri…","2023-07-30T12:15:59.653448Z",108
109,424,"5","2023-07-31T18:48:59.476662Z",425,5.486,"Negative","RT @RafaelOsswald: Hatten wir doch schon mal? Die #Durchseuchung der Kinder muss ja begründet werden... Und der ÖRR gibt diesen Lobbyisten-…","2023-07-31T18:48:59.476703Z",109
110,425,"5","2023-07-31T18:49:04.749793Z",426,3.789,"Negative","@Madame_Eule @Knabenmorgenbl1 @tatzner_simone #LongCovid ist exklusiv für Lehrer!","2023-07-31T18:49:04.749830Z",110
111,426,"5","2023-07-31T18:49:20.503184Z",427,14.216,"Negative","RT @LangzeitC: Bislang größte #LongCovid Bevölkerungs-Studie mit &gt;11.000 Betroffenen. Ca 25% hatten 6-12 Monate später erhebliche gesundhei…","2023-07-31T18:49:20.503222Z",111
112,427,"5","2023-07-31T18:49:25.098556Z",428,3.679,"Negative","RT @DyorsMathew: Wer bereits positiv ist, bitte Dirndlknoten rechts, wer noch infiziert werden muss, bitte Dirndlknoten links.

#Oktoberfes…","2023-07-31T18:49:25.098595Z",112
113,428,"5","2023-07-31T18:49:31.267217Z",429,4.288,"Positive","RT @dokhollidays: #LongCovid ist derzeit das wahre Problem.

LC greift viele Organe an so zB Gehirn,Herz,Blutgefässe.

Viel mehr Menschen w…","2023-07-31T18:49:31.267275Z",113
114,429,"5","2023-07-31T18:49:36.882508Z",430,4.42,"Negative","RT @LangzeitC: The Guardian hat eine neue Serie über #LongCovid. Wie in allen Ländern ist die Gesellschaft in UK von der Flut der Betroffen…","2023-07-31T18:49:36.882552Z",114
115,430,"6","2023-08-01T12:24:59.799582Z",431,10.475,"Negative","RT @WeingartenDE: Streeck „Eine Infektion ist medizinisch erst dann wirklich relevant, wenn die Menschen krank werden”
Warnhinweis: Theorie…","2023-08-01T12:24:59.799621Z",115
116,431,"6","2023-08-01T12:25:17.722517Z",432,11.152,"Negative","RT @BildungSicher: ""Bis auf Weiteres keine Antwort hier möglich"", schreibt die schwerst #MECFS-Betroffene Sandra.

Herr @Karl_Lauterbach, F…","2023-08-01T12:25:17.722555Z",116
119,432,"6","2023-08-01T12:26:19.604450Z",433,8.429,"Negative","RT @PostViral_Org: Wir brauchen Eure Spende, damit diese #DOKU zu #ME und #Long-Covid realisiert werden kann!

#niewiederunsichtbar #mecfs…","2023-08-01T12:26:19.604505Z",119
120,433,"4","2023-08-02T14:15:10.644621Z",434,54.828,"Negative","RT @Karl_Lauterbach: Wenn UK am 19.7 die Clubs und Bars ohne Masken wieder voll öffnet werden die Fallzahlen sehr stark steigen. UK setzt v…","2023-08-02T14:15:10.644657Z",120
121,434,"4","2023-08-02T14:16:37.952976Z",435,18.219,"Negative","RT @DrGreber: „Was vermisst du am meisten?“
„Gesund zu sein!“
„…“
„Weißt du, wenn ich mit meinen Freundinnen Seilhüpfen spiele, dann bin ic…","2023-08-02T14:16:37.953014Z",121
122,441,"6","2023-08-02T14:22:37.254372Z",436,18.306,"Negative","RT @narkosedoc: Eine geschätzte Kollegin unserer ICU ist endgültig arbeitsunfähig, sie wird nie mehr wiederkommen. Sie hatte im September #…","2023-08-02T14:22:37.254410Z",122
123,442,"6","2023-08-02T14:22:46.516145Z",437,6.497,"Negative","RT @ProfRambazamba: Impfung schützt nicht vor Infektion und wie Israel zeigt auch nicht vor #LongCovid !

Noch ein weiterer Grund die Impfu…","2023-08-02T14:22:46.516184Z",123
124,443,"6","2023-08-02T14:22:55.846449Z",438,5.334,"Negative","RT @symptomodyssee: Was bei mir in der Pandemie von Regierung, Medien und Gesellschaft immer wieder ankam, war:

""Lieber lassen wir Vulnera…","2023-08-02T14:22:55.846496Z",124
125,435,"4","2023-08-02T14:18:05.678690Z",439,20.778,"Positive","RT @Echt_jetzt_: Hr #streeck ist immer noch für die #Durchseuchung und #Herdenimmunität!
#Coronaleugner und #Querdenker haben schon Teile d…","2023-08-02T14:18:05.678741Z",125
126,445,"6","2023-08-02T14:23:06.587778Z",440,6.685,"Negative","RT @Karl_Lauterbach: Weshalb sich eine Omicron Infektion jetzt nicht lohnt: im Herbst käme dann vielleicht schon die nächste. Jedes Mal #Lo…","2023-08-02T14:23:06.587817Z",126
127,446,"6","2023-08-02T14:23:15.005847Z",441,6.68,"Negative","RT @Karl_Lauterbach: Was für ein Kitsch. Von der FDP kommt einfach immer nur Druck, die Geschäfte zu öffnen. Man sagt „Freiheit“ und meint…","2023-08-02T14:23:15.005885Z",127
128,447,"6","2023-08-02T14:23:22.910737Z",442,5.185,"Negative","RT @RWittenbrink: The Empty Chair

„Die meisten Menschen haben vor einer Wahrheit mehr Angst als vor einer Lüge.“ (Ernst Ferstl)

Jeden Tag…","2023-08-02T14:23:22.910774Z",128
129,448,"6","2023-08-02T14:23:37.823445Z",443,9.285,"Negative","RT @realTomBohn: Gestern:
hat die #dielinke in #Pankow mit den Stimmen der #AFD ihren Bürgermeisterkandidaten durchbekommen.
Vor einer Woch…","2023-08-02T14:23:37.823529Z",129
132,449,"6","2023-08-02T14:23:53.879413Z",444,12.542,"Negative","RT @FredyNeeser: @AndrinSoppelsa @derbund @hauptstadt_be @BernerZeitung Da läuft wohl schon die zweite oder dritte «Grundimmunisierung».
#V…","2023-08-02T14:23:53.879451Z",132
133,450,"6","2023-08-02T14:24:01.869868Z",445,6.375,"Negative","RT @EberhardSchlie: Eine neue kanadische Studie, welche die Daten von 10.500 an Covid-19 erkrankten Kindern aus 10 Ländern auswertete, zeig…","2023-08-02T14:24:01.869908Z",133
134,451,"6","2023-08-02T14:24:11.697494Z",446,6.508,"Negative","RT @miob1781: Herr @Nida_Ruemelin, Ihre Statements zeugen leider von Unkenntnis. Befassen Sie sich bitte eingehend mit #LongCovid, insbeson…","2023-08-02T14:24:11.697545Z",134
135,452,"6","2023-08-02T14:24:23.181972Z",447,5.582,"Negative","RT @MarcBrup: Besonders tragisch: Auch bei Kindern ist #Longcovid nicht ungewöhnlich. Jedes 13. ist auch nach 3 Monaten noch nicht gesund.…","2023-08-02T14:24:23.182011Z",135
136,453,"6","2023-08-02T14:24:31.038571Z",448,4.491,"Negative","RT @mdr_th: Kongress zu #LongCovid in #Jena: eine gezielte Therapie ist nicht in Sicht, die Studienlage noch dünn. Medizinerin @claudia_ell…","2023-08-02T14:24:31.038607Z",136
137,454,"6","2023-08-02T14:24:45.772228Z",449,11.693,"Negative","RT @neurostingl: “Powering through when you’ve got Covid appears to give you a notably higher risk of getting #LongCovid,” sagt @Daltmann10…","2023-08-02T14:24:45.772274Z",137
138,456,"6","2023-08-02T14:24:55.845225Z",450,7.124,"Negative","RT @The_Breakf_Club: Immunologin Christine Falk, Präsidentin d. Dt. Gesellschaft für Immunologie, warnt schon länger vor Durchseuchung von…","2023-08-02T14:24:55.845261Z",138
139,457,"6","2023-08-02T14:25:06.311555Z",451,6.301,"Positive","RT @neurostingl: Endokrinologische Aspekte bei #LongCovid, unter anderem Störung der HPA-Achse. Das ist etwas, das sich auch bei #MECFS fin…","2023-08-02T14:25:06.311593Z",139
140,458,"6","2023-08-02T14:25:24.520307Z",452,16.273,"Negative","RT @Karl_Lauterbach: Hier mein Thread zum Asthmaspray Budesonid. 3. Tage nach Symptombeginn genommen sinkt die Wahrscheinlichkeit einer Kli…","2023-08-02T14:25:24.520358Z",140
141,459,"6","2023-08-02T14:25:35.249273Z",453,6.946,"Negative","RT @blablue86: @TsiraTambaya @Robert83563198 @ChristinaBerndt @SZ Nur dass #LongCovid auf Dauer auch die Wirtschaft und unser Sozialsystem…","2023-08-02T14:25:35.249309Z",141
142,460,"6","2023-08-02T14:25:45.362836Z",454,8.004,"Negative","RT @markumei: Stellt euch mal vor, wie viele Kranke + Tote wir vermeiden und wie viel mehr Normalität wir erreichen könnten, mit nur 3 einf…","2023-08-02T14:25:45.362882Z",142
143,461,"6","2023-08-02T14:25:56.211890Z",455,6.227,"Negative","RT @karstenlucke: „Tu’ mal nicht so“, „Du hast ja gar nichts“, „Das gibt es gar nicht“ - wird wohl Zeit, dass sich die #LongCovid Skeptiker…","2023-08-02T14:25:56.211956Z",143
144,462,"6","2023-08-02T14:26:10.976986Z",456,9.869,"Negative","@DirkBrockmann @FarazFallahi @pausedME Und heute zufällig auch noch ein Interview vom #nichtgenesen Team zu ihren Erlebnissen in den letzten 2 Jahren mit #LongCovid #postcovid mit Dr. Mark Benecke. 

https://t.co/JetZatIpWb","2023-08-02T14:26:10.977042Z",144
145,463,"6","2023-08-02T14:26:30.532860Z",457,16.443,"Negative","RT @claudia_ellert: Ich wär ja mal für einen Beitrag der @DieMaus zu #LongCovidKids und dazu, wie es für Kinder ist, mit #LongCovid Eltern…","2023-08-02T14:26:30.532898Z",145
146,464,"6","2023-08-02T14:26:38.463296Z",458,5.658,"Positive","RT @mfab112: Solange bei #Longcovid keine Beine abfallen oder ein riesiges Geschwür auf der Stirn wächst, wird diese Krankheit als persönli…","2023-08-02T14:26:38.463332Z",146
147,466,"6","2023-08-02T14:26:47.982449Z",459,6.488,"Negative","RT @Trickywuh: Vorhin hörte ich im @DLF einen Bericht über Beate Jaeger, die in ihrer Praxis einen bisher offenbar sehr vielversprechenden…","2023-08-02T14:26:47.982486Z",147
148,467,"6","2023-08-02T14:26:56.288820Z",460,5.468,"Positive","RT @LangzeitC: Bundespressekonferenz März 2021 mit klarer Warnung vor #LongCovid und #MECFS.
Bitte schützt Euch liebe Leute, viele von uns…","2023-08-02T14:26:56.288870Z",148
149,468,"6","2023-08-02T14:27:05.534530Z",461,6.159,"Negative","RT @LillyPanholzer: Unfassbar, wie wir als Gesellschaft mit schwer von #LongCovid Betroffenen umgehen und solche Gutachten zulassen. Bettlä…","2023-08-02T14:27:05.534566Z",149
150,470,"6","2023-08-02T14:27:18.060748Z",462,9.548,"Negative","RT @TFruehmark: Sie lassen die Schulen auf, ohne sie sicher zu machen. Ein Verbrechen an einer ganzen Generation. #LongCovidKids #LongCovid…","2023-08-02T14:27:18.060790Z",150
151,471,"6","2023-08-02T14:27:27.086847Z",463,6.059,"Negative","RT @loy_daniel_de: Festival, große Einladung, Urlaub etc.: ""Das ist mir das Risiko einer Infektion wert."" 

So etwas hört &amp; liest man derze…","2023-08-02T14:27:27.086895Z",151
152,473,"6","2023-08-02T14:27:45.151641Z",464,15.616,"Negative","RT @RWittenbrink: „Die von unseriösen Ärzten/Wissenschaftlern propagierte „Immunschuld“ ist Schwachsinn.
Wir sind ununterbrochen Bakterien,…","2023-08-02T14:27:45.151693Z",152
153,474,"6","2023-08-02T14:27:59.468412Z",465,12.075,"Negative","RT @ChantalBritt: Bis im Sommer 2021 bezogen in UK jeden Monat etwa 15k Menschen im erwerbsfähigen Alter Invaliditätsleistungen. Seit Juli…","2023-08-02T14:27:59.468461Z",153
154,475,"6","2023-08-02T14:28:04.809529Z",466,3.623,"Positive","RT @LeanderJakobine: Ausgenommen der Kinder , die #LongCovid + #PIMS bekommen , Waisen werden oder langzeiterkrankte Eltern behalten , weil…","2023-08-02T14:28:04.809569Z",154
155,476,"6","2023-08-02T14:28:15.992226Z",467,8.962,"Negative","RT @Andi_Wagner: Herr @jensspahn es ist wirklich nicht zu viel verlangt, eine Aufklärungs- und Sensibilisierungskampagne, wie vom EU-Parlam…","2023-08-02T14:28:15.992276Z",155
156,477,"6","2023-08-02T14:28:25.229701Z",468,6.161,"Negative","RT @quervain_de: 5) Ungeimpfte gefährden damit nicht nur Menschen, die sich nicht impfen lassen können, sondern auch Geimpfte. Durchbruchsi…","2023-08-02T14:28:25.229744Z",156
157,478,"6","2023-08-02T14:28:36.549564Z",469,6.532,"Negative","RT @DorotheaHoffm15: Wir möchten gesund bleiben DÜRFEN! #SichereBildungJETZT #BildungStattPraesenzpflicht #SchulenUndKitasZu #B117 #ZeroCov…","2023-08-02T14:28:36.549613Z",157
158,479,"6","2023-08-02T14:28:48.594992Z",470,8.546,"Negative","RT @Karl_Lauterbach: Verstehe noch immer nicht Position @ob_palmer, jetzt bei @maischberger: „Restriktionen ab Auslastung der Intensivstati…","2023-08-02T14:28:48.595032Z",158
159,480,"6","2023-08-02T14:28:58.506289Z",471,6.342,"Negative","RT @EckerleIsabella: In meinen Augen wurde in den vergangenen zwei Jahren vor allem eins verpasst: Dass #SARSCoV2 von einem akuten Problem…","2023-08-02T14:28:58.506371Z",159
162,481,"6","2023-08-02T14:29:08.025427Z",472,7.525,"Positive","RT @Hervorrager: Auch #Kinder &amp; #Jugendliche können an #LongCovid &amp; #MECFS erkranken. Auch wenn es irgendwann einmal eine effektive #Therap…","2023-08-02T14:29:08.025464Z",162
163,482,"6","2023-08-02T14:29:22.750213Z",473,12.419,"Negative","RT @Karl_Lauterbach: Das Oktoberfest wäre mit Testen vor Einlass sicherer gewesen und nicht weniger schön. Bei den Preisen pro Mass wären d…","2023-08-02T14:29:22.750248Z",163
164,483,"6","2023-08-02T14:29:32.568178Z",474,7.744,"Negative","RT @GabiElenaDohm: @Ella_von_T Wer im Falle der EMA Zulassung des Corona-Impfstoffs von Biontech/Pfizer Kinder ab fünf Jahren impfen möchte…","2023-08-02T14:29:32.568213Z",164
165,484,"6","2023-08-02T14:29:40.711364Z",475,5.46,"Negative","RT @KinderdocNina: 12. Verdacht auf #LongCovid auf, schon gar nicht in der Pädiatrie. 
Man will diesen Zusammenhang „Covidinfektion -&gt; Schw…","2023-08-02T14:29:40.711398Z",165
166,485,"6","2023-08-02T14:29:58.786213Z",476,16.037,"Negative","RT @Tingting1407: Dieser Brief von 1993 verdeutlicht mit welchem Kraftaufwand ME/CFS unter den Teppich gekehrt wurde und weshalb #LongCovid…","2023-08-02T14:29:58.786249Z",166
167,486,"6","2023-08-02T14:30:07.183118Z",477,5.411,"Positive","RT @tguldener: Nach über einem Jahr #LongCovid kann ich euch sagen: Die Muskelkrämpfe und -Schmerzen werden nicht besser. Auch das komplett…","2023-08-02T14:30:07.183170Z",167
168,487,"6","2023-08-02T14:30:22.196211Z",478,11.851,"Negative","RT @TFruehmark: Die Zahlen steigen. Obwohl man Kenntnis von #LongCovid und #postcovid hat und selbst bei leichten Infektionen Gehirnmasse v…","2023-08-02T14:30:22.196246Z",168
169,488,"6","2023-08-02T14:30:41.749770Z",479,17.029,"Negative","RT @Ylvi7772: Ok also wenn der Zugang zu PCR zukünftig noch schwerer wird, kann man keine Infektion mehr nachweisen wenn man mit #LongCovid…","2023-08-02T14:30:41.749807Z",169
170,489,"6","2023-08-02T14:30:51.088061Z",480,5.252,"Negative","RT @Trickywuh: Ich kann mich nur wiederholen.
Ob man vulnerabel ist für Post Covid / #LongCovid, weiß man erst hinterher.
#COVID19","2023-08-02T14:30:51.088120Z",170
173,490,"6","2023-08-02T14:31:02.178248Z",481,7.649,"Positive","@HotzenplotzX @unanfechtbar @ARD_BaB @marga_owski Sie hatte nach eigenen Angaben vorher ""krasse Depressionen"" &amp; ""krassen Burnout"".

Finanzieller Puffer, psychiatrische Vorgeschichte &amp; Verbeamtung sind krasse Risikofaktoren für #LongCovid.","2023-08-02T14:31:02.178287Z",173
174,491,"6","2023-08-02T14:31:15.236569Z",482,10.465,"Negative","RT @DrCWerner: Vormittagssprechstunde mit 4 LongCovids. Alter zw 28-52 J Arbeitsunfähig. Aber macht nur weiter ... #longcovid #nocovid","2023-08-02T14:31:15.236607Z",174
175,492,"6","2023-08-02T14:31:28.628715Z",483,11.275,"Negative","RT @RWittenbrink: Studie zur Untersuchung von #LongCovid-Symptomen 22 Monate nach einer #COVID19-Infektion

Nur 9 % der #SARSCoV2-Patienten…","2023-08-02T14:31:28.628749Z",175
176,493,"6","2023-08-02T14:31:44.691287Z",484,11.193,"Negative","RT @DrCWerner: Und noch etwas Herr Kollege @hendrikstreeck:  Ihre These mit „Dosis macht Gift“ ist prinzipiell richtig. Meine Erfahrung in…","2023-08-02T14:31:44.691338Z",176
177,494,"6","2023-08-02T14:32:04.782439Z",485,6.413,"Negative","RT @HallekMichael: Mein Kommentar: es ist unverständlich, weshalb bei #SARSCoV2 nicht genau wie in anderen Bereichen der Medizin konsequent…","2023-08-02T14:32:04.782488Z",177
178,495,"6","2023-08-02T14:32:11.827985Z",486,4.915,"Negative","RT @dokhollidays: Soso nicht nur die müssen nicht in Isolation die sich „nicht krank“ fühlen sondern auch Jene die deutliche Krankheitszeic…","2023-08-02T14:32:11.828021Z",178
179,497,"6","2023-08-02T14:32:27.766084Z",487,12.744,"Negative","Die Ergebnisse dieser neuen Studie zeigen, dass eine #Omicron-Infektion die durch Impfstoffe hervorgerufene Immunität verstärkt, aber allein nur einen begrenzten Schutz gegen Nicht-Omicron-Varianten bei ungeimpften Personen bietet. 

#COVID19
#LongCovid

https://t.co/UZ1I3F9Ptu https://t.co/L5NMKKtKid","2023-08-02T14:32:27.766123Z",179
180,498,"6","2023-08-02T14:32:43.642394Z",488,11.368,"Negative","RT @FrauStahlhut: In der #LongCovid-Erkrankungen spezialisierten Klinik in Heiligendamm werden Patienten immer jünger. Zunehmend 20-bis 30-…","2023-08-02T14:32:43.642431Z",180
183,499,"6","2023-08-02T14:32:52.344027Z",489,4.915,"Positive","RT @neurostingl: Wieder eine Case Series von Menschen mit #POTS nach #Covid19.

Das ist bei #LongCovid so häufig und auch objektivierbar, d…","2023-08-02T14:32:52.344078Z",183
184,500,"6","2023-08-02T14:33:03.260199Z",490,8.361,"Negative","RT @PSHolstein: #LongCoViD, Kinder und #Schulen
- wird es auch 2022 einen Herbst geben und wenn ja:
Wie können wir vorbereitet sein?

@Ecke…","2023-08-02T14:33:03.260240Z",184
185,501,"6","2023-08-02T14:33:12.492725Z",491,6.377,"Negative","RT @Karl_Lauterbach: Gute Übersicht zu Covid Langzeitfolgen. Bei 20-30.000 Neuinfizierten/Tag werden in den nächsten Wochen zehntausende Me…","2023-08-02T14:33:12.492778Z",185
186,502,"6","2023-08-02T14:33:19.167693Z",492,4.427,"Negative","RT @risikogruppen: Jedes Kind mit #LongCovid ist 1 Kind zu viel. Wir können es vermeiden, wenn wir #Politik endlich klar machen, dass sie i…","2023-08-02T14:33:19.167728Z",186
187,503,"6","2023-08-02T14:33:29.914980Z",493,6.754,"Positive","RT @PK_Bremen_: #Covid19-Erkrankungen, #LongCovid und die Belastungsfaktoren der Pandemie haben psychische und neuropsychologische Folgen.…","2023-08-02T14:33:29.915018Z",187
190,504,"6","2023-08-02T14:33:47.111333Z",494,13.427,"Positive","RT @eskabadu: @starkwatzinger @w_jahr Ich bin seit 10 J. an #MECFS erkrankt – greife im Selbstversuch auf Off-Label-Medikamente zurück &amp; ho…","2023-08-02T14:33:47.111370Z",190
191,505,"6","2023-08-02T14:33:56.340552Z",495,5.712,"Negative","RT @k_man_77: Alle dachten Andi Scheuer wäre der Inbegriff des inkompetenten Politikers. Aber @MarcoBuschmann &amp; @c_lindner setzen gerade al…","2023-08-02T14:33:56.340589Z",191
192,506,"6","2023-08-02T14:34:04.530752Z",496,6.526,"Negative","RT @Andi_Wagner: Weil ich gerade die Dokumentation von #Hirschhausen sehe: Was wurde bisher im #Bundestag auf den Weg gebracht, um Menschen…","2023-08-02T14:34:04.530801Z",192
193,507,"6","2023-08-02T14:34:15.275571Z",497,6.906,"Negative","RT @markumei: @TspWissenschaft @ewyler ""Ende der #Corona-Pandemie"" 

mit 200 gemeldeten Toten am Tag, endlosen (Rekord-) Hospitalisierungsw…","2023-08-02T14:34:15.275611Z",193
194,508,"6","2023-08-02T14:34:28.198899Z",498,8.949,"Negative","RT @Andi_Wagner: Der Verstorbenen Gedenken reicht nicht. Die politischen Entscheidungsträger müssen endlich handeln um zehntausende #COVID1…","2023-08-02T14:34:28.198935Z",194
195,509,"6","2023-08-02T14:34:35.361595Z",499,4.443,"Negative","RT @KippelsNicole: @Karl_Lauterbach HIER IST PLATZ FÜR HANDLUNGEN UND TATEN, FÜR #Maskenpflicht in #Schulen und INNENRÄUMEN, VIEL PLATZ UM…","2023-08-02T14:34:35.361643Z",195
196,511,"6","2023-08-02T14:34:46.065456Z",500,8.565,"Negative","@SPDEuropa Wo bleibt das Thema Gesundheitskrise #longcovid?
Die WHO appelliert wiederholt an die EU sich des Themas anzunehmen. Es braucht dringend Forschungsgelder für Therapiestudien und Versorgungsstrukturen sowie soziale Absicherung! https://t.co/3B9hQNj3kU","2023-08-02T14:34:46.065511Z",196
197,512,"6","2023-08-02T14:34:55.387362Z",501,7.128,"Negative","RT @neurostingl: Wieder ein Beleg dafür, wie verheerend es ist, #LongCovid nicht in die Entscheidungsfindung bezüglich #Covid19-Maßnahmen e…","2023-08-02T14:34:55.387402Z",197
198,514,"6","2023-08-02T14:35:03.659788Z",502,6.088,"Negative","RT @Karl_Lauterbach: Interessante Studie der Harvard Uni zu #LongCovid. In der Mehrzahl der untersuchten Betroffenen gab es bis zu 12 Mon n…","2023-08-02T14:35:03.659825Z",198
199,515,"6","2023-08-02T14:35:16.056175Z",503,9.431,"Negative","RT @wagner_che: Nach langer Durststrecke endlich ein Zeichen der Hoffnung für #LongCovid Betroffene in der CH: Der Ständerat nimmt das von…","2023-08-02T14:35:16.056212Z",199
200,517,"6","2023-08-02T14:35:24.158679Z",504,411.522,"Negative","RT @DrCWerner: Dies wird eine Belastung für die nächsten Jahrzehnte. Eine chronisch kranke Gesellschaft.
#LongCovid #Covidspätfolgen","2023-08-02T14:42:12.178047Z",200
201,519,"6","2023-08-02T14:42:26.187450Z",505,11.331,"Negative","@BildungslandNRW @landnrw Warum gibt es keinerlei verpflichtende Maßnahmen zum Infektionsschutz?

Eigenverantwortung in diesem Lande bedeutet für zu Viele ""Verantwortung nur für mich selbst und der Rest ist mir egal"".

Wie kann eine Regierung Familien einem #Infektionsmarathon ausliefern? 

#LongCovid","2023-08-02T14:42:26.187506Z",201
202,520,"6","2023-08-02T14:42:41.255259Z",506,10.402,"Positive","RT @zeitonline_ges: Die Publizistin Marina Weisband ist von chronischer Fatigue betroffen, die Ärztin Carmen Scheibenbogen erforscht und th…","2023-08-02T14:42:41.255303Z",202
203,521,"6","2023-08-02T14:42:51.082252Z",507,6.808,"Negative","RT @Maya_H_aus_K: Wann wird endlich gehandelt? @Karl_Lauterbach @starkwatzinger @GoeringEckardt @linda_lobster 

Es braucht jetzt Forschung…","2023-08-02T14:42:51.082289Z",203
204,522,"6","2023-08-02T14:42:57.773809Z",508,4.832,"Positive","RT @DrCWerner: @Trickywuh @tagesschau @ECMOKaragianni1 #LongCovid, #PostCovid, Folgeerkrankungen wie Herzinfarkte und Schlaganfälle, Demenz…","2023-08-02T14:42:57.773847Z",204
205,523,"6","2023-08-02T14:43:12.974666Z",509,12.025,"Negative","RT @glasspateldruck: Für die, die von dem Zwang zum Arbeiten bei Infektion nun betroffen sind: Bitte lasst euch krank schreiben, auch mit m…","2023-08-02T14:43:12.974713Z",205
206,524,"6","2023-08-02T14:43:24.096629Z",510,7.654,"Negative","RT @denkmalstift: @GoeringEckardt @MariaKlSchmeink @riedel_joachim @KatharinaSwinka Dann bitte handeln Sie! Schulkinder &amp;Jugendliche haben…","2023-08-02T14:43:24.096677Z",206
207,525,"6","2023-08-02T14:43:30.317112Z",511,4.128,"Negative","RT @1worldvs1virus: Das Bild trifft es ganz gut.
#LongCovid https://t.co/TtmTpcQF2f","2023-08-02T14:43:30.317151Z",207
208,526,"6","2023-08-02T14:43:46.694233Z",512,13.253,"Negative","RT @deiberger85: Das sind meine Laufschuhe die ich aufgrund #LongCovid nicht mehr einsetzen kann. Heute ist #MECFSimBundestag. Zeit zu hand…","2023-08-02T14:43:46.694280Z",208
209,527,"6","2023-08-02T14:43:55.647358Z",513,6.409,"Negative","RT @PilzSigrid: Danke @MartinThuer für das #ZiB2-Interview. Wenn wir Krankheit, #LongCovid &amp; sogar Tod akzeptieren, ist das eine Bankrotter…","2023-08-02T14:43:55.647394Z",209
210,528,"6","2023-08-02T14:44:11.955574Z",514,12.187,"Negative","Margarete #Stokowski (@marga_owski) über #LongCovid: „Ich sehe ein großes Verdrängen und Verleugnen dieser Krankheit“ https://t.co/fdQhtyCYIH #Interview #Audio","2023-08-02T14:44:11.955613Z",210
211,529,"6","2023-08-02T14:44:20.249673Z",515,4.678,"Negative","RT @mfresow: Leider muss ich dieser #Kritik zustimmen.

Was bezüglich #Infektionsschutz aktuell (nicht) passiert, ist aus meiner Sicht kein…","2023-08-02T14:44:20.249710Z",211
212,530,"6","2023-08-02T14:44:30.825184Z",516,7.655,"Positive","RT @drjanosch1: 70 aus 1000 sind 7 aus der 100, d.h. 7% oder: Jede*r 14. Infizierte war 12 Monate später neurologisch auffällig. Studie bas…","2023-08-02T14:44:30.825253Z",212
213,531,"6","2023-08-02T14:44:38.123166Z",517,4.497,"Negative","RT @Karl_Lauterbach: Bald werden wir #LongCOVID klarer als das sehen, was es ist: eine sehr schwere Krankheit, bisher ohne Therapie und Hei…","2023-08-02T14:44:38.123216Z",213
214,532,"6","2023-08-02T14:44:46.662162Z",518,4.833,"Negative","RT @KaiMeinecke: @HuebnerJohannes Kindergartenkinder haben keinen Vorteil davon, vor einem Virus geschützt zu werden, welches bei ihnen zu…","2023-08-02T14:44:46.662208Z",214
217,533,"6","2023-08-02T14:44:53.103120Z",519,3.309,"Negative","RT @Florian83616025: Sehr gut! Das heute journal vom 17.04.2021 erkennt an, dass Schulen am Infektionsgeschehen teil haben, Kinder von #Lon…","2023-08-02T14:44:53.103179Z",217
218,534,"6","2023-08-02T14:45:03.773208Z",520,7.191,"Negative","RT @chrschwaegerl: Jördis Frommhold, Chefärztin Atemwegserkrankungen Median Reha-Klinik Heiligendamm, berichtet in #BPK über #LongCovid-Bet…","2023-08-02T14:45:03.773245Z",218
219,535,"6","2023-08-02T14:45:30.652132Z",521,24.974,"Negative","@dieMinna #Pandemie : den Corona-Jüngern läuft Corona davon, deshalb haben sie sich Hirngespinste wie #LongCovid, #LongCovidKids, britische, indische, südafrikanische und wer weiß was noch für #Mutanten ausgedacht, um ihren geliebten Ausnahmezustand weiter leben zu können.","2023-08-02T14:45:30.652169Z",219
222,536,"6","2023-08-02T14:45:42.482076Z",522,8.441,"Negative","RT @Johann_v_d_Bron: ""Der zwölfjährige Sohn Immanuel erkrankte deutlich schwerer. Der einst Sportbegeisterte ist heute auf den Rollstuhl an…","2023-08-02T14:45:42.482113Z",222
223,537,"6","2023-08-02T14:45:58.480531Z",523,13.537,"Negative","7/8
Wenn sie sich ausbreiten, kann das uns viele Menschenleben, #LongCovid-Fälle u. Mia. kosten.
Bei der vollen Sequenzierung zu sparen, ist ungefähr das Dümmste, was man machen kann. Es gibt menschlich und wirtschaftl. keine bessere Ausgaben, als diejenigen f. ein gutes Tracing.","2023-08-02T14:45:58.480571Z",223
226,538,"6","2023-08-02T14:46:07.804630Z",524,5.665,"Negative","RT @LangzeitC: Wow! 
Danke @ProfSchieffer für dieses faktenreiche Interview zu #LongCovid. Renin-Angiotensin-System, #PostVac, immunobiolog…","2023-08-02T14:46:07.804668Z",226
227,539,"6","2023-08-02T14:46:17.977477Z",525,6.739,"Negative","RT @ChristineLoriol: @EidgSanPol @Blickch Und er geht ohne Maske zu Kauf (und danach zu Toni Brunner). Jetzt muss man sich mal vorstellen,…","2023-08-02T14:46:17.977518Z",227
228,540,"6","2023-08-02T14:46:25.466948Z",526,5.283,"Negative","RT @Karl_Lauterbach: Die Gefahr von #LongCovid wird mega unterschätzt. Wir haben nicht im Ansatz die Therapieplätze dafür. Menschen sollten…","2023-08-02T14:46:25.466992Z",228
229,541,"6","2023-08-02T14:46:34.586986Z",527,3.847,"Positive","@Karl_Lauterbach Schon 1997 gaben 31 % ""Fatigue""-ähnliche Symptome an. Wenn das jetzt als #LongCovid gilt, dann sind 20 % ja im Prinzip sogar eine Verbesserung.
https://t.co/WsYLfkzUE8 https://t.co/N0rnvwgjmY","2023-08-02T14:46:34.587023Z",229
230,542,"6","2023-08-02T14:46:44.684008Z",528,7.305,"Negative","RT @DrCWerner: Bitte, liebe Kolleg*innen: wenn Ihr dieses Blatt bekommt … bitte im Interesse Eurer LC /MECFS Patientys vernichten. 
Normale…","2023-08-02T14:46:44.684054Z",230
231,543,"6","2023-08-02T14:46:53.259247Z",529,4.493,"Negative","RT @DasErste: Viele Kliniken können kurzfristig keine #LongCovid-Patientinnen und -Patienten mehr behandeln. Einige haben Wartezeiten bis i…","2023-08-02T14:46:53.259282Z",231
232,544,"6","2023-08-02T14:47:05.628401Z",530,5.785,"Negative","RT @DanielDeix: Die Versicherungen haben grosses Interesse, #LongCovid-Betroffene als Psychosomatiker abzustempeln, um nicht für die Folgek…","2023-08-02T14:47:05.628445Z",232
233,545,"6","2023-08-02T14:47:14.748663Z",531,5.315,"Negative","RT @neurostingl: Nur ein tagesaktueller Gedanke. 

Seitdem die Pandemie im Juni 2021 für beendet erklärt wurde, um ein ramponiertes Image a…","2023-08-02T14:47:14.748711Z",233
234,546,"6","2023-08-02T14:47:23.060702Z",532,6.044,"Negative","RT @martinruecker: „Die Leute sind alleingelassen“, sagt @claudia_ellert beim #LongCovidKongress &amp; fordert eine politische Priorisierung vo…","2023-08-02T14:47:23.060751Z",234
237,547,"6","2023-08-02T14:47:34.098034Z",533,7.575,"Negative","RT @1Powerfrau: #longcovid Update:
Vor 9 Mon. habe ich mich trotz Hygienekonzept infiziert. Nicht schlimm, ich dachte ich hätte Glück gehab…","2023-08-02T14:47:34.098073Z",237
238,548,"6","2023-08-02T14:47:44.846626Z",534,7.53,"Negative","RT @olewin: #Corona kann das #Immunsystem auf Dauer schwächen? 

You don’t say…

Die Studie (Review) stammt vom 13.1.2023.

Hallo Herr @Mar…","2023-08-02T14:47:44.846663Z",238
239,549,"6","2023-08-02T14:47:55.978062Z",535,8.511,"Negative","RT @EckerleIsabella: Die Genugtuung, ja fast Schadenfreude über die Schwierigkeit, #Delta in #Australien durch #NoCovid einzudämmen, ist be…","2023-08-02T14:47:55.978097Z",239
240,550,"6","2023-08-02T14:48:09.734939Z",536,10.206,"Negative","RT @RMMontag: Ich freue mich über den Kongress zu #LongCovid &amp; #MECFS in #Jena. Gerne hätte ich mich über den aktuellen medizinischen #Stan…","2023-08-02T14:48:09.734976Z",240
241,551,"6","2023-08-02T14:48:16.969869Z",537,4.227,"Negative","RT @Karl_Lauterbach: Noch nie war die Inzidenz von Kindern und Jugendlichen so hoch wie heute. Da Eltern und zT auch Lehrpersonal noch nich…","2023-08-02T14:48:16.969908Z",241
242,552,"6","2023-08-02T14:48:23.567484Z",538,4.389,"Negative","RT @loy_daniel_de: Es will momentan im ""wir bekommen es ohnehin alle""-Wahn kaum jemand hören, dass die ""milde"" #Omikron-Variante in Sachen…","2023-08-02T14:48:23.567525Z",242
245,553,"6","2023-08-02T14:48:33.507252Z",539,6.379,"Negative","RT @USERBC: @DrPuerner Zum Thema #LongCovid hat die Harvard-University (auf die sich auch Lauterbach so stolz ist) eine eindeutige Meinung,…","2023-08-02T14:48:33.507302Z",245
246,554,"6","2023-08-02T14:48:41.539391Z",540,4.831,"Negative","RT @RWittenbrink: Kosten konservativ und basieren nur auf den bisherigen Fällen.

Hier der Link zum Bericht:

https://t.co/C6q9YvhiBc

#Lon…","2023-08-02T14:48:41.539428Z",246
247,555,"6","2023-08-02T14:48:49.657109Z",541,6.303,"Negative","RT @miob1781: #Streeck findet auch 20.000 gemeldete Neuinfektionen am Tag nicht beunruhigend. Doch bei einer CFR von mehr als 1% wäre das d…","2023-08-02T14:48:49.657155Z",247
248,556,"6","2023-08-02T14:49:01.250820Z",542,7.711,"Positive","RT @LehmannTine: Immer mehr meiner Studierenden klagen über Konzentrationsschwierigkeiten, Kopfschmerzen, Atem- und Herzproblemen nach der…","2023-08-02T14:49:01.250863Z",248
249,518,"4","2023-08-02T14:35:55.726884Z",543,21.176,"Negative","@cad59 @fdpbt Großes Kino. Die @fdp hat  Kindern + Eltern die Freiheit beschert, sich zwangsweise mit #Corona anzustecken und sich der Gefahr von #LongCovid  auszusetzen und nu soll irgendwer dankbar sein, wenn er ne Behandlung einer vllt unheilbaren Krankheit bekommt.
#FDPrausausderRegierung","2023-08-02T14:35:55.726934Z",249
250,516,"4","2023-08-02T14:35:23.758866Z",544,15.012,"Positive","RT @LangzeitC: #LongCovid mit 205 möglichen Symptomen kommt oft erst 1-3 Monate nach Infektion. Jetzt ist noch nicht absehbar, wer in Zukun…","2023-08-02T14:35:23.758906Z",250
251,513,"4","2023-08-02T14:35:02.129926Z",545,18.6,"Negative","Wir brauchen die #NotbremseJETZT , weil eine Durchsuchung indiskutabel ist. Danke, @Karl_Lauterbach  für die deutliche Aussage bzgl #longcovid. https://t.co/8VyQ8wATHs","2023-08-02T14:35:02.129977Z",251
254,510,"4","2023-08-02T14:34:35.798627Z",546,131.75900000000001,"Positive","RT @ErnstvAll: Als Kind hat Cristina Amrein nach dem Pfeifferschen Drüsenfieber ein chronisches #Fatigue-Syndrom entwickelt. Jeder Aktivitä…","2023-08-02T14:34:39.598078Z",254
255,496,"4","2023-08-02T14:32:23.130384Z",547,14.2,"Positive","RT @EberhardSchlie: Einige meiner Patient:innen leiden noch immer unter #LongCovid mit Verlust des Geruchs- oder Geschmackssinns, chronisch…","2023-08-02T14:32:23.130425Z",255
256,472,"4","2023-08-02T14:27:29.723482Z",548,15.493,"Negative","RT @TFruehmark: Warum wird jeden Tag über Minderheiten Demos berichtet und nicht über #LongCovid","2023-08-02T14:27:29.723521Z",256
257,469,"4","2023-08-02T14:27:11.593128Z",549,27.127,"Negative","RT @Afelia: #MECFS wird neuerdings vollkommen in der Schiene ""#LongCovid/#MECFS"" behandelt. Heißt: wenn es irgendwo eine #LongCovid Ambulan…","2023-08-02T14:27:11.593169Z",257
258,465,"4","2023-08-02T14:26:42.053968Z",550,24.797,"Negative","RT @EberhardSchlie: Eine Ärztin für Lungenerkrankungen warnt vor #LongCovid bei Kindern.      #GegenKinderDurchseuchung #NoCovid #ProtectTh…","2023-08-02T14:26:42.054004Z",258
259,557,"6","2023-08-02T14:49:27.751483Z",551,7.916,"Negative","RT @RWittenbrink: Der Münchner Infektiologe Clemens Wendtner hält die Abschaffung weiterer #Corona-Schutzmaßnahmen im Winter für überhastet…","2023-08-02T14:49:27.751522Z",259
260,558,"6","2023-08-02T14:49:38.553699Z",552,7.729,"Negative","RT @EckerleIsabella: Eins der vielen hässlichen Gesichter unkontrollierten Infektionsgeschehens: Viele Menschen, die glaubten, dass #SARSCo…","2023-08-02T14:49:38.553738Z",260
261,559,"6","2023-08-02T14:49:47.686823Z",553,6.049,"Negative","RT @Shirleyinaktiv: Kinder und #Covid19. Ein unterschätztes Problem. #ORFReport 

Sehr gute Dokumentation zu #Longcovid/#LongCovidKids und…","2023-08-02T14:49:47.686867Z",261
262,560,"6","2023-08-02T14:49:55.357842Z",554,5.526,"Negative","RT @RWittenbrink: Prof. Antoine Flahault, Epidemiologe und Direktor des Instituts für globale Gesundheit in Genf: „Die Pandemie ist noch ni…","2023-08-02T14:49:55.357880Z",262
263,455,"4","2023-08-02T14:24:51.953793Z",555,31.057,"Negative","Was heißt denn, ""ich übernehme die Verantwortung"".

Zahlt sie die Invaliden- oder Waisenrenten, Verdienstausfälle etc. wenn es Schwerkranke, #Longcovid-Fälle oder gar Tote unter Schüler:innen, Lehrkräften oder Eltern gibt?

#Kitasundschulenzu #zerocovid #harterlockdownjetzt #B117 https://t.co/SCo9BIXcYK","2023-08-02T14:24:51.953829Z",263
264,561,"6","2023-08-02T14:50:57.967473Z",556,5.566,"Negative","RT @MrsMertes: Mein Highlight aus der BPK zur über 32 Mio € teuren Impfkampagne: 
Frau Stokowski war gerade frisch geboostert, hatte danach…","2023-08-02T14:50:57.967516Z",264
267,562,"6","2023-08-02T14:51:08.309324Z",557,7.383,"Negative","RT @quervain_de: Heute ein Artikel im Tagesanzeiger von @MarcBrup zum unterschätzten Problem von #LongCovid nach Durchbruchsinfektionen und…","2023-08-02T14:51:08.309368Z",267
268,563,"6","2023-08-02T14:51:19.736870Z",558,8.07,"Negative","RT @EckerleIsabella: Jetzt, in Gegenwart wirksamer #Impfungen auf #Durchseuchung zu plädieren bzw. Öffnungen bei Impfung einer kleinen Bevö…","2023-08-02T14:51:19.736905Z",268
269,564,"6","2023-08-02T14:51:34.367318Z",559,11.683,"Negative","RT @die_vom: NEIN @ArminLaschet - wir sind nicht bereit, ohne ein Impfangebot für ALLE auf Schutzmaßnahmen zu verzichten. Und ein Inzidenz…","2023-08-02T14:51:34.367352Z",269
270,444,"4","2023-08-02T14:22:57.764425Z",560,19.804,"Positive","RT @RWittenbrink: Neue dänische Studie zeigt: #COVID19-positive Patienten haben ein deutlich höheres Risiko, neurodegenerative Erkrankungen…","2023-08-02T14:22:57.764464Z",270
271,565,"6","2023-08-02T14:51:44.478604Z",561,5.411,"Negative","RT @Karl_Lauterbach: (2) Es ist gefährliche Legende, wir hätten Jüngere ruiniert um die Alten zu schützen. Ohne Lockdown wären nicht nur vi…","2023-08-02T14:51:44.478649Z",271
275,566,"6","2023-08-02T14:51:50.993714Z",562,3.493,"Negative","RT @RWittenbrink: „Ich vermisse es, aufstehen zu können und mit in der Welt zu sein.“

Dr. Cornelia Werner @DrCWerner behandelt Menschen mi…","2023-08-02T14:51:50.993757Z",275
276,440,"4","2023-08-02T14:21:52.534421Z",563,15.54,"Positive","RT @Karl_Lauterbach: (5) In nächsten Monaten müssen wir auf Weg zur Impfung auch möglichst viele #LongCovid Fälle verhindern. Es geht nicht…","2023-08-02T14:21:52.534475Z",276
277,439,"4","2023-08-02T14:21:33.484601Z",564,17.866,"Positive","RT @robert_fietzke: Es gibt Studien, die einen Kausalzusammenhang zwischen Superspreader-Events der #Coronaleugner &amp; Neu-Infektionen im fün…","2023-08-02T14:21:33.484640Z",277
278,567,"6","2023-08-02T14:51:59.238723Z",565,5.232,"Positive","RT @MightyMermaid87: Da gerade #LongCovid trendet, ihr seid nicht alleine! Wir #MECFS Erkrankte leben seit Jahren mit postviralen Folgen. W…","2023-08-02T14:51:59.238765Z",278
279,568,"6","2023-08-02T14:52:04.677229Z",566,3.962,"Negative","RT @HN_112_: #tagesschau: ""Es drohen Geisterspiele""

Es droht gerade viel in Deutschland, aber sicher keine Geisterspiele. Geisterspiele si…","2023-08-02T14:52:04.677264Z",279
280,569,"6","2023-08-02T14:52:11.731938Z",567,4.65,"Positive","RT @dg_mecfs: Der offizielle Newsletter des Weltverbands der Neurologie enthält einen Artikel über #LongCovid und erwähnt #MECFS. 

Den Art…","2023-08-02T14:52:11.731978Z",280
281,438,"4","2023-08-02T14:20:08.035071Z",568,26.377,"Positive","RT @MarcBrup: In UK leiden mittlerweile über 1 Mio. an #LongCovid. Am stärksten betroffen ist die Altersgruppe 25 bis 34. Diese aktuelle Un…","2023-08-02T14:20:08.035115Z",281
282,570,"6","2023-08-02T14:52:20.235038Z",569,5.345,"Negative","RT @BildgSicherBW: Was heute geschah:

Ein sich selbst als #liberal bezeichnender Account diffamiert eine Familie, deren #LongCovid-erkrank…","2023-08-02T14:52:20.235084Z",282
283,437,"4","2023-08-02T14:18:55.272733Z",570,19.171,"Positive","RT @berlinerzeitung: Sie sei frisch geboostert gewesen und trotzdem kurz darauf an #LongCovid erkrankt, berichtete die Journalistin #Stokow…","2023-08-02T14:18:55.272769Z",283
287,436,"4","2023-08-02T14:18:33.754914Z",571,19.392,"Positive","RT @RenzPolster: Die neue Studie aus Dänemark zur Häufigkeit von #LongCovid bei Kindern hat es in sich. Hier mein Kommentar:
https://t.co/F…","2023-08-02T14:18:33.754953Z",287
